{
  "$schema": "https://schema.management.azure.com/schemas/2019-04-01/deploymentTemplate.json#",
  "contentVersion": "1.0.0.0",
  "metadata": {
    "author": "Saggie Haim",
    "comments": "Solution template for Verkada"
  },
  "parameters": {
    "location": {
      "type": "string",
      "minLength": 1,
      "defaultValue": "[resourceGroup().location]",
      "metadata": {
        "description": "Not used, but needed to pass arm-ttk test `Location-Should-Not-Be-Hardcoded`.  We instead use the `workspace-location` which is derived from the LA workspace"
      }
    },
    "workspace-location": {
      "type": "string",
      "defaultValue": "",
      "metadata": {
        "description": "[concat('Region to deploy solution resources -- separate from location selection',parameters('location'))]"
      }
    },
    "workspace": {
      "defaultValue": "",
      "type": "string",
      "metadata": {
        "description": "Workspace name for Log Analytics where Microsoft Sentinel is setup"
      }
    },
    "resourceGroupName": {
      "type": "string",
      "defaultValue": "[resourceGroup().name]",
      "metadata": {
        "description": "resource group name where Microsoft Sentinel is setup"
      }
    },
    "subscription": {
      "type": "string",
      "defaultValue": "[last(split(subscription().id, '/'))]",
      "metadata": {
        "description": "subscription id where Microsoft Sentinel is setup"
      }
    }
  },
  "variables": {
    "_solutionName": "Verkada",
    "_solutionVersion": "3.0.0",
    "solutionId": "SaggieHaim.azure-sentinel-solution-Verkada",
    "_solutionId": "[variables('solutionId')]",
    "workspaceResourceId": "[resourceId('microsoft.OperationalInsights/Workspaces', parameters('workspace'))]",
    "dataConnectorCCPVersion": "1.0.0",
    "_dataConnectorContentIdConnectorDefinition1": "VerkadaCameraAlertsCCPDefinition",
    "dataConnectorTemplateNameConnectorDefinition1": "[concat(parameters('workspace'),'-dc-',uniquestring(variables('_dataConnectorContentIdConnectorDefinition1')))]",
    "_dataConnectorContentIdConnections1": "VerkadaCameraAlertsCCPDefinitionConnections",
    "dataConnectorTemplateNameConnections1": "[concat(parameters('workspace'),'-dc-',uniquestring(variables('_dataConnectorContentIdConnections1')))]",
    "dataCollectionEndpointId1": "[concat('/subscriptions/',parameters('subscription'),'/resourceGroups/',parameters('resourceGroupName'),'/providers/Microsoft.Insights/dataCollectionEndpoints/',parameters('workspace'))]",
    "blanks": "[replace('b', 'b', '')]",
    "TemplateEmptyObject": "[json('{}')]",
    "_solutioncontentProductId": "[concat(take(variables('_solutionId'),50),'-','sl','-', uniqueString(concat(variables('_solutionId'),'-','Solution','-',variables('_solutionId'),'-', variables('_solutionVersion'))))]"
  },
  "resources": [
    {
      "type": "Microsoft.OperationalInsights/workspaces/providers/contentTemplates",
      "apiVersion": "2023-04-01-preview",
      "name": "[concat(parameters('workspace'),'/Microsoft.SecurityInsights/', variables('dataConnectorTemplateNameConnectorDefinition1'), variables('dataConnectorCCPVersion'))]",
      "location": "[parameters('workspace-location')]",
      "dependsOn": [
        "[extensionResourceId(resourceId('Microsoft.OperationalInsights/workspaces', parameters('workspace')), 'Microsoft.SecurityInsights/contentPackages', variables('_solutionId'))]"
      ],
      "properties": {
        "contentId": "[variables('_dataConnectorContentIdConnectorDefinition1')]",
        "displayName": "Verkada Camera Alerts (CCP)",
        "contentKind": "DataConnector",
        "mainTemplate": {
          "$schema": "https://schema.management.azure.com/schemas/2019-04-01/deploymentTemplate.json#",
          "contentVersion": "[variables('dataConnectorCCPVersion')]",
          "parameters": {},
          "variables": {},
          "resources": [
            {
              "name": "[concat(parameters('workspace'),'/Microsoft.SecurityInsights/',variables('_dataConnectorContentIdConnectorDefinition1'))]",
              "apiVersion": "2022-09-01-preview",
              "type": "Microsoft.OperationalInsights/workspaces/providers/dataConnectorDefinitions",
              "location": "[parameters('workspace-location')]",
              "kind": "Customizable",
              "properties": {
                "connectorUiConfig": {
                  "id": "VerkadaCameraAlertsCCPDefinition",
                  "title": "Verkada Camera Alerts (CCP)",
                  "publisher": "Saggie Haim",
                  "descriptionMarkdown": "The Verkada Camera Alerts data connector provides the capability to ingest [Verkada Camera Alerts](https://apidocs.verkada.com/reference/getnotificationsviewv1) into Microsoft Sentinel using the Verkada REST API. Refer to [Verkada documentation](https://apidocs.verkada.com/reference/getnotificationsviewv1) for more information.",
                  "graphQueriesTableName": "Verkada_Camera_Alerts_CL",
                  "graphQueries": [
                    {
                      "metricName": "Events received",
                      "legend": "Verkada camera alerts received",
                      "baseQuery": "{{graphQueriesTableName}}"
                    }
                  ],
                  "sampleQueries": [
                    {
                      "description": "All Verkada camera alerts",
                      "query": "Verkada_Camera_Alerts_CL\n| sort by TimeGenerated desc"
                    }
                  ],
                  "dataTypes": [
                    {
                      "name": "{{graphQueriesTableName}}",
                      "lastDataReceivedQuery": "{{graphQueriesTableName}}\n| summarize Time = max(TimeGenerated)\n| where isnotempty(Time)"
                    }
                  ],
                  "connectivityCriteria": [
                    {
                      "type": "HasDataConnectors"
                    }
                  ],
                  "permissions": {
                    "resourceProvider": [
                      {
                        "provider": "Microsoft.OperationalInsights/workspaces",
                        "permissionsDisplayText": "Read and Write permissions are required.",
                        "providerDisplayName": "Workspace",
                        "scope": "Workspace",
                        "requiredPermissions": {
                          "write": true,
                          "read": true,
                          "delete": true
                        }
                      }
                    ],
                    "customs": [
                      {
                        "name": "Verkada API credentials with access to Cameras Endppoint with Read permissions",
                        "description": "Verkada API requires a Verkada API key to authenticate. [See the documentation to learn more about how to get started with Verkada API](https://apidocs.verkada.com/reference/quick-start-guide)"
                      }
                    ]
                  },
                  "instructionSteps": [
                    {
                      "description": ">**NOTE:** This connector uses Codeless Connecor Platform (CCP) to connect to the Verkada REST API to pull Camera Alerts logs into Microsoft Sentinel."
                    },
                    {
                      "description": "**STEP 1 - Create Verkada API Key**\n\nSee documentation to [setup client credentials authentication](https://developer.verkada.com/guides/authentication/client-credentials/client-credentials-setup/)\n"
                    },
                    {
                      "description": "**STEP 2 - Allow API Endpoint**\n\nMake sure the Cameras endpoint is enabled in your Verkada API settings.\n"
                    },
                    {
                      "description": "**STEP 3 - Set Expiration**\n\nDefine the API expiration time based on the company policy.\n"
                    },
                    {
                      "description": "**STEP 4 - Grab Verkada API Key**\n\nStore secret in a safe location.\n"
                    },
                    {
                      "description": "Provide the required values below:\n",
                      "instructions": [
                        {
                          "type": "Textbox",
                          "parameters": {
                            "label": "API Key",
                            "placeholder": "API Key",
                            "type": "password",
                            "name": "password"
                          }
                        },
                        {
                          "type": "ConnectionToggleButton",
                          "parameters": {
                            "connectLabel": "Connect",
                            "name": "Connect"
                          }
                        }
                      ],
                      "title": "Connect to Verkada to start collecting Camera Alerts logs to Microsoft Sentinel"
                    }
                  ]
                }
              }
            },
            {
              "name": "[concat(parameters('workspace'),'/Microsoft.SecurityInsights/',concat('DataConnector-', variables('_dataConnectorContentIdConnectorDefinition1')))]",
              "apiVersion": "2022-01-01-preview",
              "type": "Microsoft.OperationalInsights/workspaces/providers/metadata",
              "properties": {
                "parentId": "[extensionResourceId(resourceId('Microsoft.OperationalInsights/workspaces', parameters('workspace')), 'Microsoft.SecurityInsights/dataConnectorDefinitions', variables('_dataConnectorContentIdConnectorDefinition1'))]",
                "contentId": "[variables('_dataConnectorContentIdConnectorDefinition1')]",
                "kind": "DataConnector",
                "version": "[variables('dataConnectorCCPVersion')]",
                "source": {
                  "sourceId": "[variables('_solutionId')]",
                  "name": "[variables('_solutionName')]",
                  "kind": "Solution"
                },
                "author": {
                  "name": "Saggie Haim"
                },
                "support": {
                  "tier": "Microsoft",
                  "name": "Microsoft Corporation",
                  "email": "support@microsoft.com",
                  "link": "https://support.microsoft.com/"
                },
                "dependencies": {
                  "criteria": [
                    {
                      "version": "[variables('dataConnectorCCPVersion')]",
                      "contentId": "[variables('_dataConnectorContentIdConnections1')]",
                      "kind": "ResourcesDataConnector"
                    }
                  ]
                }
              }
            },
            {
              "name": "VerkadaCameraAlertsDCR",
              "apiVersion": "2022-06-01",
              "type": "Microsoft.Insights/dataCollectionRules",
              "location": "[parameters('workspace-location')]",
              "kind": "[variables('blanks')]",
              "properties": {
                "dataCollectionEndpointId": "[variables('dataCollectionEndpointId1')]",
                "streamDeclarations": {
                  "Custom-Verkada-Camera-Alerts": {
                    "columns": [
                      {
                        "name": "camera_id",
                        "type": "string"
                      },
                      {
                        "name": "created",
                        "type": "string"
                      },
                      {
                        "name": "crowd_threshold",
                        "type": "int"
                      },
                      {
                        "name": "image_url",
                        "type": "string"
                      },
                      {
                        "name": "notification_type",
                        "type": "string"
                      },
                      {
                        "name": "objects",
                        "type": "dynamic"
                      },
                      {
                        "name": "person_label",
                        "type": "string"
                      },
                      {
                        "name": "video_url",
                        "type": "string"
                      }
                    ]
                  }
                },
                "dataSources": "[variables('TemplateEmptyObject')]",
                "destinations": {
                  "logAnalytics": [
                    {
                      "workspaceResourceId": "[variables('workspaceResourceId')]",
                      "name": "sh-sentinel"
                    }
                  ]
                },
                "dataFlows": [
                  {
                    "streams": [
                      "Custom-Verkada-Camera-Alerts"
                    ],
                    "destinations": [
                      "sh-sentinel"
                    ],
                    "transformKql": "source\n| extend TimeGenerated = unixtime_milliseconds_todatetime(created), camera_id = tostring(camera_id), crowd_threshold = toint(crowd_threshold), image_url = tostring(image_url), notification_type = tostring(notification_type), objects = todynamic(objects), person_label = tostring(person_label), video_url = tostring(video_url)\n| project TimeGenerated, camera_id, crowd_threshold, image_url, notification_type, objects, person_label, video_url",
                    "outputStream": "Custom-Verkada_Camera_Alerts_CL"
                  }
                ]
              }
            },
            {
              "name": "Verkada_Camera_Alerts_CL",
              "apiVersion": "2022-10-01",
              "type": "Microsoft.OperationalInsights/workspaces/tables",
              "location": "[parameters('workspace-location')]",
              "kind": null,
              "properties": {
                "schema": {
                  "name": "Verkada_Camera_Alerts_CL",
                  "columns": [
                    {
                      "name": "camera_id",
                      "type": "string"
                    },
                    {
                      "name": "created",
                      "type": "datetime"
                    },
                    {
                      "name": "crowd_threshold",
                      "type": "int"
                    },
                    {
                      "name": "image_url",
                      "type": "string"
                    },
                    {
                      "name": "notification_type",
                      "type": "string"
                    },
                    {
                      "name": "objects",
                      "type": "dynamic"
                    },
                    {
                      "name": "person_label",
                      "type": "string"
                    },
                    {
                      "name": "video_url",
                      "type": "string"
                    }
                  ]
                }
              }
            }
          ]
        },
        "packageKind": "Solution",
        "packageVersion": "[variables('_solutionVersion')]",
        "packageName": "[variables('_solutionName')]",
        "contentProductId": "[concat(take(variables('_solutionId'), 50),'-','dc','-', uniqueString(concat(variables('_solutionId'),'-','DataConnector','-',variables('_dataConnectorContentIdConnectorDefinition1'),'-', variables('dataConnectorCCPVersion'))))]",
        "packageId": "[variables('_solutionId')]",
        "contentSchemaVersion": "3.0.0",
        "version": "[variables('dataConnectorCCPVersion')]"
      }
    },
    {
      "name": "[concat(parameters('workspace'),'/Microsoft.SecurityInsights/',variables('_dataConnectorContentIdConnectorDefinition1'))]",
      "apiVersion": "2022-09-01-preview",
      "type": "Microsoft.OperationalInsights/workspaces/providers/dataConnectorDefinitions",
      "location": "[parameters('workspace-location')]",
      "kind": "Customizable",
      "properties": {
        "connectorUiConfig": {
          "id": "VerkadaCameraAlertsCCPDefinition",
          "title": "Verkada Camera Alerts (CCP)",
          "publisher": "Saggie Haim",
          "descriptionMarkdown": "The Verkada Camera Alerts data connector provides the capability to ingest [Verkada Camera Alerts](https://apidocs.verkada.com/reference/getnotificationsviewv1) into Microsoft Sentinel using the Verkada REST API. Refer to [Verkada documentation](https://apidocs.verkada.com/reference/getnotificationsviewv1) for more information.",
          "graphQueriesTableName": "Verkada_Camera_Alerts_CL",
          "graphQueries": [
            {
              "metricName": "Events received",
              "legend": "Verkada camera alerts received",
              "baseQuery": "{{graphQueriesTableName}}"
            }
          ],
          "sampleQueries": [
            {
              "description": "All Verkada camera alerts",
              "query": "Verkada_Camera_Alerts_CL\n| sort by TimeGenerated desc"
            }
          ],
          "dataTypes": [
            {
              "name": "{{graphQueriesTableName}}",
              "lastDataReceivedQuery": "{{graphQueriesTableName}}\n| summarize Time = max(TimeGenerated)\n| where isnotempty(Time)"
            }
          ],
          "connectivityCriteria": [
            {
              "type": "HasDataConnectors"
            }
          ],
          "permissions": {
            "resourceProvider": [
              {
                "provider": "Microsoft.OperationalInsights/workspaces",
                "permissionsDisplayText": "Read and Write permissions are required.",
                "providerDisplayName": "Workspace",
                "scope": "Workspace",
                "requiredPermissions": {
                  "write": true,
                  "read": true,
                  "delete": true
                }
              }
            ],
            "customs": [
              {
                "name": "Verkada API credentials with access to Cameras Endppoint with Read permissions",
                "description": "Verkada API requires a Verkada API key to authenticate. [See the documentation to learn more about how to get started with Verkada API](https://apidocs.verkada.com/reference/quick-start-guide)"
              }
            ]
          },
          "instructionSteps": [
            {
              "description": ">**NOTE:** This connector uses Codeless Connecor Platform (CCP) to connect to the Verkada REST API to pull Camera Alerts logs into Microsoft Sentinel."
            },
            {
              "description": "**STEP 1 - Create Verkada API Key**\n\nSee documentation to [setup client credentials authentication](https://developer.verkada.com/guides/authentication/client-credentials/client-credentials-setup/)\n"
            },
            {
              "description": "**STEP 2 - Allow API Endpoint**\n\nMake sure the Cameras endpoint is enabled in your Verkada API settings.\n"
            },
            {
              "description": "**STEP 3 - Set Expiration**\n\nDefine the API expiration time based on the company policy.\n"
            },
            {
              "description": "**STEP 4 - Grab Verkada API Key**\n\nStore secret in a safe location.\n"
            },
            {
              "description": "Provide the required values below:\n",
              "instructions": [
                {
                  "type": "Textbox",
                  "parameters": {
                    "label": "API Key",
                    "placeholder": "API Key",
                    "type": "password",
                    "name": "password"
                  }
                },
                {
                  "type": "ConnectionToggleButton",
                  "parameters": {
                    "connectLabel": "Connect",
                    "name": "Connect"
                  }
                }
              ],
              "title": "Connect to Verkada to start collecting Camera Alerts logs to Microsoft Sentinel"
            }
          ]
        }
      }
    },
    {
      "name": "[concat(parameters('workspace'),'/Microsoft.SecurityInsights/',concat('DataConnector-', variables('_dataConnectorContentIdConnectorDefinition1')))]",
      "apiVersion": "2022-01-01-preview",
      "type": "Microsoft.OperationalInsights/workspaces/providers/metadata",
      "properties": {
        "parentId": "[extensionResourceId(resourceId('Microsoft.OperationalInsights/workspaces', parameters('workspace')), 'Microsoft.SecurityInsights/dataConnectorDefinitions', variables('_dataConnectorContentIdConnectorDefinition1'))]",
        "contentId": "[variables('_dataConnectorContentIdConnectorDefinition1')]",
        "kind": "DataConnector",
        "version": "[variables('dataConnectorCCPVersion')]",
        "source": {
          "sourceId": "[variables('_solutionId')]",
          "name": "[variables('_solutionName')]",
          "kind": "Solution"
        },
        "author": {
          "name": "Saggie Haim"
        },
        "support": {
          "tier": "Microsoft",
          "name": "Microsoft Corporation",
          "email": "support@microsoft.com",
          "link": "https://support.microsoft.com/"
        },
        "dependencies": {
          "criteria": [
            {
              "version": "[variables('dataConnectorCCPVersion')]",
              "contentId": "[variables('_dataConnectorContentIdConnections1')]",
              "kind": "ResourcesDataConnector"
            }
          ]
        }
      }
    },
    {
      "type": "Microsoft.OperationalInsights/workspaces/providers/contentTemplates",
      "apiVersion": "2023-04-01-preview",
      "name": "[concat(parameters('workspace'),'/Microsoft.SecurityInsights/', variables('dataConnectorTemplateNameConnections1'), variables('dataConnectorCCPVersion'))]",
      "location": "[parameters('workspace-location')]",
      "dependsOn": [
        "[extensionResourceId(resourceId('Microsoft.OperationalInsights/workspaces', parameters('workspace')), 'Microsoft.SecurityInsights/contentPackages', variables('_solutionId'))]"
      ],
      "properties": {
        "contentId": "[variables('_dataConnectorContentIdConnections1')]",
        "displayName": "Verkada Camera Alerts (CCP)",
        "contentKind": "ResourcesDataConnector",
        "mainTemplate": {
          "$schema": "https://schema.management.azure.com/schemas/2019-04-01/deploymentTemplate.json#",
          "contentVersion": "[variables('dataConnectorCCPVersion')]",
          "parameters": {
            "guidValue": {
              "defaultValue": "[[newGuid()]",
              "type": "securestring"
            },
            "innerWorkspace": {
              "defaultValue": "[parameters('workspace')]",
              "type": "securestring"
            },
            "connectorDefinitionName": {
              "defaultValue": "Verkada Camera Alerts (CCP)",
              "type": "securestring",
              "minLength": 1
            },
            "workspace": {
              "defaultValue": "[parameters('workspace')]",
              "type": "securestring"
            },
            "dcrConfig": {
              "defaultValue": {
                "dataCollectionEndpoint": "data collection Endpoint",
                "dataCollectionRuleImmutableId": "data collection rule immutableId"
              },
              "type": "object"
            },
            "password": {
              "defaultValue": "password",
              "type": "securestring",
              "minLength": 1
            }
          },
          "variables": {
            "_dataConnectorContentIdConnections1": "[variables('_dataConnectorContentIdConnections1')]"
          },
          "resources": [
            {
              "name": "[concat(parameters('workspace'),'/Microsoft.SecurityInsights/',concat('DataConnector-', variables('_dataConnectorContentIdConnections1')))]",
              "apiVersion": "2022-01-01-preview",
              "type": "Microsoft.OperationalInsights/workspaces/providers/metadata",
              "properties": {
                "parentId": "[extensionResourceId(resourceId('Microsoft.OperationalInsights/workspaces', parameters('workspace')), 'Microsoft.SecurityInsights/dataConnectors', variables('_dataConnectorContentIdConnections1'))]",
                "contentId": "[variables('_dataConnectorContentIdConnections1')]",
                "kind": "ResourcesDataConnector",
                "version": "[variables('dataConnectorCCPVersion')]",
                "source": {
                  "sourceId": "[variables('_solutionId')]",
                  "name": "[variables('_solutionName')]",
                  "kind": "Solution"
                },
                "author": {
                  "name": "Saggie Haim"
                },
                "support": {
                  "tier": "Microsoft",
                  "name": "Microsoft Corporation",
                  "email": "support@microsoft.com",
                  "link": "https://support.microsoft.com/"
                }
              }
            },
            {
              "name": "[[concat(parameters('innerWorkspace'),'/Microsoft.SecurityInsights/', 'VerkadaCamerapoller', parameters('guidValue'))]",
              "apiVersion": "2023-02-01-preview",
              "type": "Microsoft.OperationalInsights/workspaces/providers/dataConnectors",
              "location": "[parameters('workspace-location')]",
              "kind": "RestApiPoller",
              "properties": {
                "connectorDefinitionName": "VerkadaCameraAlertsCCPDefinition",
                "dataType": "Verkada_Camera_Alerts_CL",
                "response": {
                  "eventsJsonPaths": [
                    "$.notifications"
                  ],
                  "format": "json"
                },
                "paging": {
                  "pagingType": "PersistentToken",
                  "nextPageTokenJsonPath": "$.next_page_token",
                  "nextPageParaName": "page_token"
                },
                "auth": {
                  "type": "JwtToken",
                  "password": {
                    "key": "apiKey",
                    "value": "[[parameters('password')]"
                  },
                  "TokenEndpoint": "https://api.verkada.com/token",
                  "IsJsonRequest": true
                },
                "request": {
                  "apiEndpoint": "https://api.verkada.com/v1/alerts",
                  "rateLimitQPS": 5,
                  "queryWindowInMin": 5,
                  "httpMethod": "GET",
                  "retryCount": 3,
                  "timeoutInSeconds": 60,
                  "queryTimeFormat": "UnixTimestamp",
                  "startTimeAttributeName": "start_time",
                  "endTimeAttributeName": "end_time",
                  "headers": {
                    "Accept": "application/json"
                  }
                },
                "dcrConfig": {
                  "dataCollectionEndpoint": "[[parameters('dcrConfig').dataCollectionEndpoint]",
                  "dataCollectionRuleImmutableId": "[[parameters('dcrConfig').dataCollectionRuleImmutableId]",
                  "streamName": "Custom-Verkada-Camera-Alerts"
                }
              }
            }
          ]
        },
        "packageKind": "Solution",
        "packageVersion": "[variables('_solutionVersion')]",
        "packageName": "[variables('_solutionName')]",
        "contentProductId": "[concat(take(variables('_solutionId'), 50),'-','rdc','-', uniqueString(concat(variables('_solutionId'),'-','ResourcesDataConnector','-',variables('_dataConnectorContentIdConnections1'),'-', variables('dataConnectorCCPVersion'))))]",
        "packageId": "[variables('_solutionId')]",
        "contentSchemaVersion": "3.0.0",
        "version": "[variables('dataConnectorCCPVersion')]"
      }
    },
    {
      "type": "Microsoft.OperationalInsights/workspaces/providers/contentPackages",
      "apiVersion": "2023-04-01-preview",
      "location": "[parameters('workspace-location')]",
      "properties": {
        "version": "3.0.0",
        "kind": "Solution",
        "contentSchemaVersion": "3.0.0",
        "displayName": "Verkada",
        "publisherDisplayName": "Microsoft Sentinel, Microsoft Corporation",
        "descriptionHtml": "<p><strong>Note:</strong> Please refer to the following before installing the solution:</p>\n<p>• Review the solution <a href=\"https://github.com/Azure/Azure-Sentinel/tree/master/Solutions/Verkada/ReleaseNotes.md\">Release Notes</a></p>\n<p>• There may be <a href=\"https://aka.ms/sentinelsolutionsknownissues\">known issues</a> pertaining to this Solution, please refer to them before installing.</p>\n<p>Verkada Camera Alerts data connector provides the capability to ingest Verkada Camera Alerts into Microsoft Sentinel using the Verkada REST API.</p>\n<p><strong>Data Connectors:</strong> 1</p>\n<p><a href=\"https://aka.ms/azuresentinel\">Learn more about Microsoft Sentinel</a> | <a href=\"https://aka.ms/azuresentinelsolutionsdoc\">Learn more about Solutions</a></p>\n",
        "contentKind": "Solution",
        "contentProductId": "[variables('_solutioncontentProductId')]",
        "id": "[variables('_solutioncontentProductId')]",
        "icon": "<img src=\"https://raw.githubusercontent.com/SaggiehaimBlog/MicrosoftSecurity/refs/heads/main/Sentinel/Connectors/Verkada/resources/logo-symbol.ico \" width=\"75px\" height=\"75px\">",
        "contentId": "[variables('_solutionId')]",
        "parentId": "[variables('_solutionId')]",
        "source": {
          "kind": "Solution",
          "name": "Verkada",
          "sourceId": "[variables('_solutionId')]"
        },
        "author": {
          "name": "Saggie Haim"
        },
        "support": {
          "name": "Microsoft Corporation",
          "email": "support@microsoft.com",
          "tier": "Microsoft",
          "link": "https://support.microsoft.com/"
        },
        "dependencies": {
          "operator": "AND",
          "criteria": [
            {
              "kind": "DataConnector",
              "contentId": "[variables('_dataConnectorContentIdConnections1')]",
              "version": "[variables('dataConnectorCCPVersion')]"
            }
          ]
        },
        "firstPublishDate": "2025-06-15",
        "providers": [
          "Verkada"
        ],
        "categories": {
          "domains": [
            "Camera",
            "Application"
          ]
        }
      },
      "name": "[concat(parameters('workspace'),'/Microsoft.SecurityInsights/', variables('_solutionId'))]"
    }
  ],
  "outputs": {}
}
